id,y
5000,0.015257469802924348
5001,0.9605799728137744
5002,0.015257469802924348
5003,0.9605799728137744
5004,0.9605799728137744
5005,0.015257469802924348
5006,0.9605799728137744
5007,0.015257469802924348
5008,0.015257469802924348
5009,0.9605799728137744
5010,0.9605799728137744
5011,0.9605799728137744
5012,0.9605799728137744
5013,0.015257469802924348
5014,0.9605799728137744
5015,0.9605799728137744
5016,0.9605799728137744
5017,0.1885245901639344
5018,0.7080645161290322
5019,0.015257469802924348
5020,0.015257469802924348
5021,0.015257469802924348
5022,0.9605799728137744
5023,0.9605799728137744
5024,0.1885245901639344
5025,0.9605799728137744
5026,0.9605799728137744
5027,0.9605799728137744
5028,0.015257469802924348
5029,0.015257469802924348
5030,0.22727272727272727
5031,0.9605799728137744
5032,0.9605799728137744
5033,0.9605799728137744
5034,0.015257469802924348
5035,0.015257469802924348
5036,0.9605799728137744
5037,0.015257469802924348
5038,0.9605799728137744
5039,0.015257469802924348
5040,0.1885245901639344
5041,0.015257469802924348
5042,0.7080645161290322
5043,0.015257469802924348
5044,0.9605799728137744
5045,0.9605799728137744
5046,0.7080645161290322
5047,0.015257469802924348
5048,0.9605799728137744
5049,0.015257469802924348
5050,0.7080645161290322
5051,0.9605799728137744
5052,0.015257469802924348
5053,0.015257469802924348
5054,0.9605799728137744
5055,0.9605799728137744
5056,0.9605799728137744
5057,0.015257469802924348
5058,0.7080645161290322
5059,0.43859649122807015
5060,0.9605799728137744
5061,0.7080645161290322
5062,0.7080645161290322
5063,0.7080645161290322
5064,0.43859649122807015
5065,0.015257469802924348
5066,0.9605799728137744
5067,0.7080645161290322
5068,0.9605799728137744
5069,0.7080645161290322
5070,0.2619047619047619
5071,0.9605799728137744
5072,0.2619047619047619
5073,0.22727272727272727
5074,0.9605799728137744
5075,0.9605799728137744
5076,0.9605799728137744
5077,0.015257469802924348
5078,0.9605799728137744
5079,0.9605799728137744
5080,0.9605799728137744
5081,0.9605799728137744
5082,0.015257469802924348
5083,0.9605799728137744
5084,0.015257469802924348
5085,0.5
5086,0.9605799728137744
5087,0.015257469802924348
5088,0.015257469802924348
5089,0.015257469802924348
5090,0.015257469802924348
5091,0.7080645161290322
5092,0.7080645161290322
5093,0.9605799728137744
5094,0.015257469802924348
5095,0.015257469802924348
5096,0.9605799728137744
5097,0.9605799728137744
5098,0.015257469802924348
5099,0.015257469802924348
5100,0.9605799728137744
5101,0.2619047619047619
5102,0.015257469802924348
5103,0.7080645161290322
5104,0.9605799728137744
5105,0.9605799728137744
5106,0.9605799728137744
5107,0.7080645161290322
5108,0.9605799728137744
5109,0.1885245901639344
5110,0.9605799728137744
5111,0.9605799728137744
5112,0.015257469802924348
5113,0.015257469802924348
5114,0.9605799728137744
5115,0.9605799728137744
5116,0.015257469802924348
5117,0.1885245901639344
5118,0.015257469802924348
5119,0.7080645161290322
5120,0.015257469802924348
5121,0.5
5122,0.7080645161290322
5123,0.9605799728137744
5124,0.9605799728137744
5125,0.9605799728137744
5126,0.015257469802924348
5127,0.015257469802924348
5128,0.9605799728137744
5129,0.1885245901639344
5130,0.9605799728137744
5131,0.015257469802924348
5132,0.22727272727272727
5133,0.015257469802924348
5134,0.015257469802924348
5135,0.015257469802924348
5136,0.9605799728137744
5137,0.1885245901639344
5138,0.015257469802924348
5139,0.9605799728137744
5140,0.015257469802924348
5141,0.015257469802924348
5142,0.015257469802924348
5143,0.9605799728137744
5144,0.015257469802924348
5145,0.7080645161290322
5146,0.9605799728137744
5147,0.015257469802924348
5148,0.015257469802924348
5149,0.9605799728137744
5150,0.22727272727272727
5151,0.9605799728137744
5152,0.9605799728137744
5153,0.43859649122807015
5154,0.015257469802924348
5155,0.22727272727272727
5156,0.9605799728137744
5157,0.015257469802924348
5158,0.9605799728137744
5159,0.9605799728137744
5160,0.43859649122807015
5161,0.9605799728137744
5162,0.9605799728137744
5163,0.9605799728137744
5164,0.9605799728137744
5165,0.9605799728137744
5166,0.9605799728137744
5167,0.9605799728137744
5168,0.9605799728137744
5169,0.9605799728137744
5170,0.5
5171,0.9605799728137744
5172,0.015257469802924348
5173,0.7080645161290322
5174,0.015257469802924348
5175,0.9605799728137744
5176,0.7080645161290322
5177,0.015257469802924348
5178,0.7080645161290322
5179,0.015257469802924348
5180,0.015257469802924348
5181,0.9605799728137744
5182,0.9605799728137744
5183,0.7080645161290322
5184,0.9605799728137744
5185,0.1885245901639344
5186,0.015257469802924348
5187,0.1885245901639344
5188,0.015257469802924348
5189,0.015257469802924348
5190,0.9605799728137744
5191,0.015257469802924348
5192,0.43859649122807015
5193,0.015257469802924348
5194,0.015257469802924348
5195,0.9605799728137744
5196,0.9605799728137744
5197,0.9605799728137744
5198,0.015257469802924348
5199,0.015257469802924348
5200,0.7080645161290322
5201,0.015257469802924348
5202,0.9605799728137744
5203,0.7080645161290322
5204,0.015257469802924348
5205,0.2619047619047619
5206,0.015257469802924348
5207,0.9605799728137744
5208,0.015257469802924348
5209,0.9605799728137744
5210,0.015257469802924348
5211,0.1885245901639344
5212,0.015257469802924348
5213,0.015257469802924348
5214,0.015257469802924348
5215,0.7080645161290322
5216,0.7080645161290322
5217,0.43859649122807015
5218,0.9605799728137744
5219,0.9605799728137744
5220,0.015257469802924348
5221,0.015257469802924348
5222,0.015257469802924348
5223,0.9605799728137744
5224,0.015257469802924348
5225,0.9605799728137744
5226,0.9605799728137744
5227,0.7080645161290322
5228,0.9605799728137744
5229,0.22727272727272727
5230,0.9605799728137744
5231,0.015257469802924348
5232,0.9605799728137744
5233,0.015257469802924348
5234,0.9605799728137744
5235,0.9605799728137744
5236,0.9605799728137744
5237,0.9605799728137744
5238,0.9605799728137744
5239,0.7080645161290322
5240,0.9605799728137744
5241,0.015257469802924348
5242,0.015257469802924348
5243,0.015257469802924348
5244,0.9605799728137744
5245,0.9605799728137744
5246,0.9605799728137744
5247,0.015257469802924348
5248,0.9605799728137744
5249,0.7080645161290322
5250,0.015257469802924348
5251,0.7080645161290322
5252,0.7080645161290322
5253,0.015257469802924348
5254,0.9605799728137744
5255,0.7080645161290322
5256,0.9605799728137744
5257,0.9605799728137744
5258,0.015257469802924348
5259,0.015257469802924348
5260,0.7080645161290322
5261,0.015257469802924348
5262,0.9605799728137744
5263,0.1885245901639344
5264,0.9605799728137744
5265,0.9605799728137744
5266,0.015257469802924348
5267,0.9605799728137744
5268,0.7080645161290322
5269,0.9605799728137744
5270,0.1885245901639344
5271,0.7080645161290322
5272,0.9605799728137744
5273,0.015257469802924348
5274,0.015257469802924348
5275,0.9605799728137744
5276,0.9605799728137744
5277,0.015257469802924348
5278,0.9605799728137744
5279,0.9605799728137744
5280,0.015257469802924348
5281,0.015257469802924348
5282,0.7080645161290322
5283,0.43859649122807015
5284,0.9605799728137744
5285,0.7080645161290322
5286,0.9605799728137744
5287,0.015257469802924348
5288,0.22727272727272727
5289,0.43859649122807015
5290,0.015257469802924348
5291,0.9605799728137744
5292,0.9605799728137744
5293,0.9605799728137744
5294,0.9605799728137744
5295,0.015257469802924348
5296,0.9605799728137744
5297,0.9605799728137744
5298,0.015257469802924348
5299,0.9605799728137744
5300,0.9605799728137744
5301,0.1885245901639344
5302,0.9605799728137744
5303,0.015257469802924348
5304,0.015257469802924348
5305,0.9605799728137744
5306,0.9605799728137744
5307,0.9605799728137744
5308,0.9605799728137744
5309,0.9605799728137744
5310,0.9605799728137744
5311,0.015257469802924348
5312,0.015257469802924348
5313,0.7080645161290322
5314,0.1885245901639344
5315,0.9605799728137744
5316,0.43859649122807015
5317,0.015257469802924348
5318,0.015257469802924348
5319,0.9605799728137744
5320,0.7080645161290322
5321,0.9605799728137744
5322,0.9605799728137744
5323,0.015257469802924348
5324,0.015257469802924348
5325,0.9605799728137744
5326,0.015257469802924348
5327,0.9605799728137744
5328,0.015257469802924348
5329,0.43859649122807015
5330,0.015257469802924348
5331,0.015257469802924348
5332,0.9605799728137744
5333,0.9605799728137744
5334,0.015257469802924348
5335,0.9605799728137744
5336,0.7080645161290322
5337,0.015257469802924348
5338,0.015257469802924348
5339,0.22727272727272727
5340,0.9605799728137744
5341,0.7080645161290322
5342,0.9605799728137744
5343,0.7080645161290322
5344,0.015257469802924348
5345,0.015257469802924348
5346,0.015257469802924348
5347,0.9605799728137744
5348,0.015257469802924348
5349,0.9605799728137744
5350,0.015257469802924348
5351,0.9605799728137744
5352,0.9605799728137744
5353,0.7080645161290322
5354,0.9605799728137744
5355,0.015257469802924348
5356,0.43859649122807015
5357,0.9605799728137744
5358,0.015257469802924348
5359,0.9605799728137744
5360,0.9605799728137744
5361,0.9605799728137744
5362,0.7080645161290322
5363,0.9605799728137744
5364,0.9605799728137744
5365,0.015257469802924348
5366,0.7080645161290322
5367,0.015257469802924348
5368,0.7080645161290322
5369,0.015257469802924348
5370,0.015257469802924348
5371,0.9605799728137744
5372,0.015257469802924348
5373,0.7080645161290322
5374,0.9605799728137744
5375,0.9605799728137744
5376,0.9605799728137744
5377,0.9605799728137744
5378,0.015257469802924348
5379,0.015257469802924348
5380,0.22727272727272727
5381,0.015257469802924348
5382,0.015257469802924348
5383,0.015257469802924348
5384,0.2619047619047619
5385,0.1885245901639344
5386,0.015257469802924348
5387,0.43859649122807015
5388,0.015257469802924348
5389,0.9605799728137744
5390,0.9605799728137744
5391,0.22727272727272727
5392,0.015257469802924348
5393,0.5
5394,0.9605799728137744
5395,0.9605799728137744
5396,0.9605799728137744
5397,0.2619047619047619
5398,0.015257469802924348
5399,0.015257469802924348
5400,0.1885245901639344
5401,0.43859649122807015
5402,0.7080645161290322
5403,0.9605799728137744
5404,0.9605799728137744
5405,0.9605799728137744
5406,0.9605799728137744
5407,0.9605799728137744
5408,0.9605799728137744
5409,0.9605799728137744
5410,0.9605799728137744
5411,0.015257469802924348
5412,0.9605799728137744
5413,0.9605799728137744
5414,0.015257469802924348
5415,0.1885245901639344
5416,0.9605799728137744
5417,0.015257469802924348
5418,0.7080645161290322
5419,0.7080645161290322
5420,0.9605799728137744
5421,0.7080645161290322
5422,0.1885245901639344
5423,0.9605799728137744
5424,0.9605799728137744
5425,0.9605799728137744
5426,0.015257469802924348
5427,0.9605799728137744
5428,0.1885245901639344
5429,0.015257469802924348
5430,0.7080645161290322
5431,0.015257469802924348
5432,0.7080645161290322
5433,0.9605799728137744
5434,0.015257469802924348
5435,0.015257469802924348
5436,0.9605799728137744
5437,0.9605799728137744
5438,0.015257469802924348
5439,0.9605799728137744
5440,0.9605799728137744
5441,0.9605799728137744
5442,0.015257469802924348
5443,0.22727272727272727
5444,0.22727272727272727
5445,0.015257469802924348
5446,0.9605799728137744
5447,0.9605799728137744
5448,0.7080645161290322
5449,0.9605799728137744
5450,0.22727272727272727
5451,0.1885245901639344
5452,0.43859649122807015
5453,0.015257469802924348
5454,0.9605799728137744
5455,0.43859649122807015
5456,0.015257469802924348
5457,0.43859649122807015
5458,0.9605799728137744
5459,0.7080645161290322
5460,0.9605799728137744
5461,0.7080645161290322
5462,0.9605799728137744
5463,0.9605799728137744
5464,0.9605799728137744
5465,0.9605799728137744
5466,0.9605799728137744
5467,0.9605799728137744
5468,0.015257469802924348
5469,0.43859649122807015
5470,0.9605799728137744
5471,0.7080645161290322
5472,0.7080645161290322
5473,0.43859649122807015
5474,0.9605799728137744
5475,0.7080645161290322
5476,0.9605799728137744
5477,0.7080645161290322
5478,0.9605799728137744
5479,0.9605799728137744
5480,0.015257469802924348
5481,0.7080645161290322
5482,0.015257469802924348
5483,0.015257469802924348
5484,0.9605799728137744
5485,0.9605799728137744
5486,0.43859649122807015
5487,0.1885245901639344
5488,0.015257469802924348
5489,0.9605799728137744
5490,0.7080645161290322
5491,0.015257469802924348
5492,0.9605799728137744
5493,0.7080645161290322
5494,0.015257469802924348
5495,0.43859649122807015
5496,0.7080645161290322
5497,0.9605799728137744
5498,0.22727272727272727
5499,0.9605799728137744
5500,0.015257469802924348
5501,0.9605799728137744
5502,0.7080645161290322
5503,0.9605799728137744
5504,0.015257469802924348
5505,0.015257469802924348
5506,0.015257469802924348
5507,0.9605799728137744
5508,0.015257469802924348
5509,0.015257469802924348
5510,0.015257469802924348
5511,0.015257469802924348
5512,0.7080645161290322
5513,0.9605799728137744
5514,0.015257469802924348
5515,0.1885245901639344
5516,0.9605799728137744
5517,0.1885245901639344
5518,0.7080645161290322
5519,0.9605799728137744
5520,0.015257469802924348
5521,0.1885245901639344
5522,0.9605799728137744
5523,0.9605799728137744
5524,0.1885245901639344
5525,0.9605799728137744
5526,0.015257469802924348
5527,0.9605799728137744
5528,0.9605799728137744
5529,0.9605799728137744
5530,0.015257469802924348
5531,0.7080645161290322
5532,0.015257469802924348
5533,0.1885245901639344
5534,0.9605799728137744
5535,0.9605799728137744
5536,0.7080645161290322
5537,0.9605799728137744
5538,0.2619047619047619
5539,0.9605799728137744
5540,0.015257469802924348
5541,0.015257469802924348
5542,0.9605799728137744
5543,0.7080645161290322
5544,0.015257469802924348
5545,0.9605799728137744
5546,0.015257469802924348
5547,0.9605799728137744
5548,0.43859649122807015
5549,0.9605799728137744
5550,0.015257469802924348
5551,0.7080645161290322
5552,0.015257469802924348
5553,0.9605799728137744
5554,0.1885245901639344
5555,0.7080645161290322
5556,0.2619047619047619
5557,0.7080645161290322
5558,0.9605799728137744
5559,0.1885245901639344
5560,0.9605799728137744
5561,0.015257469802924348
5562,0.015257469802924348
5563,0.9605799728137744
5564,0.9605799728137744
5565,0.015257469802924348
5566,0.015257469802924348
5567,0.015257469802924348
5568,0.9605799728137744
5569,0.9605799728137744
5570,0.9605799728137744
5571,0.43859649122807015
5572,0.9605799728137744
5573,0.1885245901639344
5574,0.9605799728137744
5575,0.015257469802924348
5576,0.9605799728137744
5577,0.9605799728137744
5578,0.015257469802924348
5579,0.9605799728137744
5580,0.9605799728137744
5581,0.7080645161290322
5582,0.1885245901639344
5583,0.9605799728137744
5584,0.9605799728137744
5585,0.9605799728137744
5586,0.43859649122807015
5587,0.9605799728137744
5588,0.1885245901639344
5589,0.9605799728137744
5590,0.7080645161290322
5591,0.015257469802924348
5592,0.1885245901639344
5593,0.015257469802924348
5594,0.9605799728137744
5595,0.015257469802924348
5596,0.9605799728137744
5597,0.2619047619047619
5598,0.2619047619047619
5599,0.1885245901639344
5600,0.015257469802924348
5601,0.9605799728137744
5602,0.015257469802924348
5603,0.22727272727272727
5604,0.015257469802924348
5605,0.9605799728137744
5606,0.9605799728137744
5607,0.1885245901639344
5608,0.9605799728137744
5609,0.9605799728137744
5610,0.015257469802924348
5611,0.015257469802924348
5612,0.015257469802924348
5613,0.015257469802924348
5614,0.015257469802924348
5615,0.9605799728137744
5616,0.9605799728137744
5617,0.43859649122807015
5618,0.7080645161290322
5619,0.9605799728137744
5620,0.9605799728137744
5621,0.015257469802924348
5622,0.1885245901639344
5623,0.9605799728137744
5624,0.015257469802924348
5625,0.015257469802924348
5626,0.7080645161290322
5627,0.9605799728137744
5628,0.015257469802924348
5629,0.9605799728137744
5630,0.9605799728137744
5631,0.9605799728137744
5632,0.9605799728137744
5633,0.9605799728137744
5634,0.9605799728137744
5635,0.9605799728137744
5636,0.015257469802924348
5637,0.9605799728137744
5638,0.015257469802924348
5639,0.9605799728137744
5640,0.43859649122807015
5641,0.22727272727272727
5642,0.9605799728137744
5643,0.9605799728137744
5644,0.9605799728137744
5645,0.9605799728137744
5646,0.015257469802924348
5647,0.9605799728137744
5648,0.015257469802924348
5649,0.9605799728137744
5650,0.43859649122807015
5651,0.9605799728137744
5652,0.015257469802924348
5653,0.015257469802924348
5654,0.9605799728137744
5655,0.7080645161290322
5656,0.9605799728137744
5657,0.7080645161290322
5658,0.015257469802924348
5659,0.015257469802924348
5660,0.1885245901639344
5661,0.7080645161290322
5662,0.9605799728137744
5663,0.9605799728137744
5664,0.015257469802924348
5665,0.9605799728137744
5666,0.9605799728137744
5667,0.9605799728137744
5668,0.7080645161290322
5669,0.9605799728137744
5670,0.7080645161290322
5671,0.5
5672,0.7080645161290322
5673,0.9605799728137744
5674,0.1885245901639344
5675,0.9605799728137744
5676,0.015257469802924348
5677,0.7080645161290322
5678,0.9605799728137744
5679,0.9605799728137744
5680,0.9605799728137744
5681,0.43859649122807015
5682,0.9605799728137744
5683,0.015257469802924348
5684,0.015257469802924348
5685,0.9605799728137744
5686,0.7080645161290322
5687,0.015257469802924348
5688,0.015257469802924348
5689,0.9605799728137744
5690,0.015257469802924348
5691,0.9605799728137744
5692,0.015257469802924348
5693,0.015257469802924348
5694,0.9605799728137744
5695,0.015257469802924348
5696,0.015257469802924348
5697,0.9605799728137744
5698,0.015257469802924348
5699,0.9605799728137744
5700,0.9605799728137744
5701,0.015257469802924348
5702,0.7080645161290322
5703,0.9605799728137744
5704,0.7080645161290322
5705,0.7080645161290322
5706,0.1885245901639344
5707,0.015257469802924348
5708,0.9605799728137744
5709,0.015257469802924348
5710,0.7080645161290322
5711,0.015257469802924348
5712,0.43859649122807015
5713,0.7080645161290322
5714,0.015257469802924348
5715,0.9605799728137744
5716,0.9605799728137744
5717,0.015257469802924348
5718,0.1885245901639344
5719,0.015257469802924348
5720,0.015257469802924348
5721,0.015257469802924348
5722,0.7080645161290322
5723,0.9605799728137744
5724,0.015257469802924348
5725,0.9605799728137744
5726,0.9605799728137744
5727,0.2619047619047619
5728,0.9605799728137744
5729,0.9605799728137744
5730,0.015257469802924348
5731,0.015257469802924348
5732,0.015257469802924348
5733,0.9605799728137744
5734,0.015257469802924348
5735,0.9605799728137744
5736,0.9605799728137744
5737,0.015257469802924348
5738,0.015257469802924348
5739,0.43859649122807015
5740,0.43859649122807015
5741,0.015257469802924348
5742,0.015257469802924348
5743,0.7080645161290322
5744,0.015257469802924348
5745,0.9605799728137744
5746,0.9605799728137744
5747,0.9605799728137744
5748,0.9605799728137744
5749,0.9605799728137744
5750,0.9605799728137744
5751,0.015257469802924348
5752,0.015257469802924348
5753,0.9605799728137744
5754,0.7080645161290322
5755,0.015257469802924348
5756,0.9605799728137744
5757,0.7080645161290322
5758,0.7080645161290322
5759,0.7080645161290322
5760,0.015257469802924348
5761,0.7080645161290322
5762,0.9605799728137744
5763,0.015257469802924348
5764,0.9605799728137744
5765,0.015257469802924348
5766,0.9605799728137744
5767,0.7080645161290322
5768,0.9605799728137744
5769,0.015257469802924348
5770,0.015257469802924348
5771,0.9605799728137744
5772,0.9605799728137744
5773,0.9605799728137744
5774,0.43859649122807015
5775,0.9605799728137744
5776,0.7080645161290322
5777,0.015257469802924348
5778,0.9605799728137744
5779,0.015257469802924348
5780,0.9605799728137744
5781,0.9605799728137744
5782,0.43859649122807015
5783,0.015257469802924348
5784,0.7080645161290322
5785,0.9605799728137744
5786,0.7080645161290322
5787,0.9605799728137744
5788,0.015257469802924348
5789,0.015257469802924348
5790,0.9605799728137744
5791,0.015257469802924348
5792,0.9605799728137744
5793,0.9605799728137744
5794,0.9605799728137744
5795,0.015257469802924348
5796,0.9605799728137744
5797,0.9605799728137744
5798,0.015257469802924348
5799,0.43859649122807015
5800,0.9605799728137744
5801,0.9605799728137744
5802,0.1885245901639344
5803,0.7080645161290322
5804,0.7080645161290322
5805,0.7080645161290322
5806,0.015257469802924348
5807,0.015257469802924348
5808,0.9605799728137744
5809,0.9605799728137744
5810,0.015257469802924348
5811,0.22727272727272727
5812,0.7080645161290322
5813,0.1885245901639344
5814,0.5
5815,0.9605799728137744
5816,0.015257469802924348
5817,0.1885245901639344
5818,0.015257469802924348
5819,0.9605799728137744
5820,0.9605799728137744
5821,0.9605799728137744
5822,0.9605799728137744
5823,0.015257469802924348
5824,0.9605799728137744
5825,0.1885245901639344
5826,0.015257469802924348
5827,0.43859649122807015
5828,0.015257469802924348
5829,0.9605799728137744
5830,0.015257469802924348
5831,0.015257469802924348
5832,0.7080645161290322
5833,0.7080645161290322
5834,0.9605799728137744
5835,0.015257469802924348
5836,0.9605799728137744
5837,0.9605799728137744
5838,0.9605799728137744
5839,0.015257469802924348
5840,0.1885245901639344
5841,0.9605799728137744
5842,0.9605799728137744
5843,0.015257469802924348
5844,0.9605799728137744
5845,0.015257469802924348
5846,0.9605799728137744
5847,0.9605799728137744
5848,0.43859649122807015
5849,0.7080645161290322
5850,0.9605799728137744
5851,0.9605799728137744
5852,0.43859649122807015
5853,0.1885245901639344
5854,0.9605799728137744
5855,0.7080645161290322
5856,0.7080645161290322
5857,0.015257469802924348
5858,0.9605799728137744
5859,0.015257469802924348
5860,0.9605799728137744
5861,0.1885245901639344
5862,0.9605799728137744
5863,0.7080645161290322
5864,0.9605799728137744
5865,0.015257469802924348
5866,0.7080645161290322
5867,0.9605799728137744
5868,0.9605799728137744
5869,0.9605799728137744
5870,0.9605799728137744
5871,0.015257469802924348
5872,0.015257469802924348
5873,0.7080645161290322
5874,0.9605799728137744
5875,0.9605799728137744
5876,0.015257469802924348
5877,0.7080645161290322
5878,0.9605799728137744
5879,0.015257469802924348
5880,0.1885245901639344
5881,0.9605799728137744
5882,0.015257469802924348
5883,0.1885245901639344
5884,0.7080645161290322
5885,0.9605799728137744
5886,0.015257469802924348
5887,0.015257469802924348
5888,0.7080645161290322
5889,0.9605799728137744
5890,0.015257469802924348
5891,0.7080645161290322
5892,0.9605799728137744
5893,0.9605799728137744
5894,0.9605799728137744
5895,0.015257469802924348
5896,0.9605799728137744
5897,0.9605799728137744
5898,0.9605799728137744
5899,0.7080645161290322
5900,0.015257469802924348
5901,0.1885245901639344
5902,0.1885245901639344
5903,0.9605799728137744
5904,0.9605799728137744
5905,0.015257469802924348
5906,0.015257469802924348
5907,0.9605799728137744
5908,0.9605799728137744
5909,0.015257469802924348
5910,0.015257469802924348
5911,0.015257469802924348
5912,0.9605799728137744
5913,0.9605799728137744
5914,0.7080645161290322
5915,0.9605799728137744
5916,0.015257469802924348
5917,0.9605799728137744
5918,0.7080645161290322
5919,0.015257469802924348
5920,0.1885245901639344
5921,0.015257469802924348
5922,0.9605799728137744
5923,0.1885245901639344
5924,0.9605799728137744
5925,0.9605799728137744
5926,0.015257469802924348
5927,0.015257469802924348
5928,0.9605799728137744
5929,0.015257469802924348
5930,0.015257469802924348
5931,0.015257469802924348
5932,0.9605799728137744
5933,0.9605799728137744
5934,0.7080645161290322
5935,0.9605799728137744
5936,0.7080645161290322
5937,0.9605799728137744
5938,0.015257469802924348
5939,0.43859649122807015
5940,0.9605799728137744
5941,0.015257469802924348
5942,0.9605799728137744
5943,0.9605799728137744
5944,0.015257469802924348
5945,0.9605799728137744
5946,0.9605799728137744
5947,0.9605799728137744
5948,0.9605799728137744
5949,0.9605799728137744
5950,0.9605799728137744
5951,0.9605799728137744
5952,0.1885245901639344
5953,0.43859649122807015
5954,0.015257469802924348
5955,0.9605799728137744
5956,0.9605799728137744
5957,0.9605799728137744
5958,0.015257469802924348
5959,0.9605799728137744
5960,0.015257469802924348
5961,0.015257469802924348
5962,0.015257469802924348
5963,0.9605799728137744
5964,0.015257469802924348
5965,0.9605799728137744
5966,0.9605799728137744
5967,0.015257469802924348
5968,0.9605799728137744
5969,0.015257469802924348
5970,0.7080645161290322
5971,0.1885245901639344
5972,0.9605799728137744
5973,0.9605799728137744
5974,0.9605799728137744
5975,0.015257469802924348
5976,0.015257469802924348
5977,0.7080645161290322
5978,0.015257469802924348
5979,0.015257469802924348
5980,0.015257469802924348
5981,0.015257469802924348
5982,0.015257469802924348
5983,0.7080645161290322
5984,0.015257469802924348
5985,0.9605799728137744
5986,0.9605799728137744
5987,0.9605799728137744
5988,0.015257469802924348
5989,0.9605799728137744
5990,0.9605799728137744
5991,0.1885245901639344
5992,0.7080645161290322
5993,0.9605799728137744
5994,0.9605799728137744
5995,0.015257469802924348
5996,0.43859649122807015
5997,0.015257469802924348
5998,0.9605799728137744
5999,0.9605799728137744
6000,0.9605799728137744
6001,0.1885245901639344
6002,0.015257469802924348
6003,0.9605799728137744
6004,0.7080645161290322
6005,0.015257469802924348
6006,0.015257469802924348
6007,0.9605799728137744
6008,0.015257469802924348
6009,0.9605799728137744
6010,0.9605799728137744
6011,0.9605799728137744
6012,0.9605799728137744
6013,0.015257469802924348
6014,0.9605799728137744
6015,0.43859649122807015
6016,0.015257469802924348
6017,0.1885245901639344
6018,0.9605799728137744
6019,0.9605799728137744
6020,0.9605799728137744
6021,0.7080645161290322
6022,0.9605799728137744
6023,0.9605799728137744
6024,0.015257469802924348
6025,0.015257469802924348
6026,0.7080645161290322
6027,0.9605799728137744
6028,0.7080645161290322
6029,0.9605799728137744
6030,0.015257469802924348
6031,0.9605799728137744
6032,0.7080645161290322
6033,0.9605799728137744
6034,0.015257469802924348
6035,0.9605799728137744
6036,0.015257469802924348
6037,0.9605799728137744
6038,0.015257469802924348
6039,0.1885245901639344
6040,0.9605799728137744
6041,0.015257469802924348
6042,0.9605799728137744
6043,0.1885245901639344
6044,0.9605799728137744
6045,0.015257469802924348
6046,0.22727272727272727
6047,0.9605799728137744
6048,0.9605799728137744
6049,0.9605799728137744
6050,0.9605799728137744
6051,0.9605799728137744
6052,0.7080645161290322
6053,0.7080645161290322
6054,0.015257469802924348
6055,0.9605799728137744
6056,0.9605799728137744
6057,0.015257469802924348
6058,0.7080645161290322
6059,0.015257469802924348
6060,0.015257469802924348
6061,0.9605799728137744
6062,0.015257469802924348
6063,0.015257469802924348
6064,0.7080645161290322
6065,0.9605799728137744
6066,0.9605799728137744
6067,0.9605799728137744
6068,0.015257469802924348
6069,0.9605799728137744
6070,0.9605799728137744
6071,0.9605799728137744
6072,0.9605799728137744
6073,0.9605799728137744
6074,0.7080645161290322
6075,0.9605799728137744
6076,0.015257469802924348
6077,0.43859649122807015
6078,0.1885245901639344
6079,0.43859649122807015
6080,0.43859649122807015
6081,0.9605799728137744
6082,0.9605799728137744
6083,0.9605799728137744
6084,0.7080645161290322
6085,0.9605799728137744
6086,0.9605799728137744
6087,0.9605799728137744
6088,0.9605799728137744
6089,0.1885245901639344
6090,0.9605799728137744
6091,0.9605799728137744
6092,0.1885245901639344
6093,0.9605799728137744
6094,0.9605799728137744
6095,0.9605799728137744
6096,0.7080645161290322
6097,0.9605799728137744
6098,0.9605799728137744
6099,0.43859649122807015
6100,0.9605799728137744
6101,0.015257469802924348
6102,0.9605799728137744
6103,0.9605799728137744
6104,0.7080645161290322
6105,0.9605799728137744
6106,0.9605799728137744
6107,0.015257469802924348
6108,0.43859649122807015
6109,0.015257469802924348
6110,0.7080645161290322
6111,0.015257469802924348
6112,0.7080645161290322
6113,0.7080645161290322
6114,0.9605799728137744
6115,0.015257469802924348
6116,0.015257469802924348
6117,0.9605799728137744
6118,0.9605799728137744
6119,0.015257469802924348
6120,0.7080645161290322
6121,0.9605799728137744
6122,0.7080645161290322
6123,0.9605799728137744
6124,0.015257469802924348
6125,0.7080645161290322
6126,0.9605799728137744
6127,0.015257469802924348
6128,0.9605799728137744
6129,0.1885245901639344
6130,0.43859649122807015
6131,0.9605799728137744
6132,0.015257469802924348
6133,0.9605799728137744
6134,0.9605799728137744
6135,0.7080645161290322
6136,0.9605799728137744
6137,0.9605799728137744
6138,0.7080645161290322
6139,0.7080645161290322
6140,0.9605799728137744
6141,0.9605799728137744
6142,0.9605799728137744
6143,0.7080645161290322
6144,0.9605799728137744
6145,0.7080645161290322
6146,0.1885245901639344
6147,0.015257469802924348
6148,0.015257469802924348
6149,0.7080645161290322
6150,0.015257469802924348
6151,0.22727272727272727
6152,0.9605799728137744
6153,0.43859649122807015
6154,0.9605799728137744
6155,0.9605799728137744
6156,0.9605799728137744
6157,0.1885245901639344
6158,0.015257469802924348
6159,0.9605799728137744
6160,0.015257469802924348
6161,0.7080645161290322
6162,0.9605799728137744
6163,0.015257469802924348
6164,0.9605799728137744
6165,0.9605799728137744
6166,0.9605799728137744
6167,0.9605799728137744
6168,0.9605799728137744
6169,0.9605799728137744
6170,0.9605799728137744
6171,0.9605799728137744
6172,0.1885245901639344
6173,0.015257469802924348
6174,0.9605799728137744
6175,0.9605799728137744
6176,0.9605799728137744
6177,0.9605799728137744
6178,0.9605799728137744
6179,0.5
6180,0.015257469802924348
6181,0.015257469802924348
6182,0.9605799728137744
6183,0.015257469802924348
6184,0.015257469802924348
6185,0.9605799728137744
6186,0.015257469802924348
6187,0.9605799728137744
6188,0.015257469802924348
6189,0.015257469802924348
6190,0.015257469802924348
6191,0.43859649122807015
6192,0.9605799728137744
6193,0.9605799728137744
6194,0.9605799728137744
6195,0.015257469802924348
6196,0.7080645161290322
6197,0.9605799728137744
6198,0.2619047619047619
6199,0.9605799728137744
6200,0.015257469802924348
6201,0.7080645161290322
6202,0.015257469802924348
6203,0.43859649122807015
6204,0.9605799728137744
6205,0.9605799728137744
6206,0.015257469802924348
6207,0.015257469802924348
6208,0.9605799728137744
6209,0.9605799728137744
6210,0.9605799728137744
6211,0.1885245901639344
6212,0.9605799728137744
6213,0.7080645161290322
6214,0.7080645161290322
6215,0.9605799728137744
6216,0.015257469802924348
6217,0.015257469802924348
6218,0.7080645161290322
6219,0.015257469802924348
6220,0.015257469802924348
6221,0.1885245901639344
6222,0.43859649122807015
6223,0.9605799728137744
6224,0.9605799728137744
6225,0.9605799728137744
6226,0.9605799728137744
6227,0.43859649122807015
6228,0.015257469802924348
6229,0.9605799728137744
6230,0.015257469802924348
6231,0.9605799728137744
6232,0.9605799728137744
6233,0.015257469802924348
6234,0.7080645161290322
6235,0.015257469802924348
6236,0.9605799728137744
6237,0.015257469802924348
6238,0.9605799728137744
6239,0.7080645161290322
6240,0.015257469802924348
6241,0.7080645161290322
6242,0.9605799728137744
6243,0.9605799728137744
6244,0.7080645161290322
6245,0.9605799728137744
6246,0.7080645161290322
6247,0.015257469802924348
6248,0.7080645161290322
6249,0.9605799728137744
6250,0.015257469802924348
6251,0.015257469802924348
6252,0.43859649122807015
6253,0.015257469802924348
6254,0.1885245901639344
6255,0.7080645161290322
6256,0.7080645161290322
6257,0.43859649122807015
6258,0.5
6259,0.9605799728137744
6260,0.7080645161290322
6261,0.9605799728137744
6262,0.43859649122807015
6263,0.9605799728137744
6264,0.43859649122807015
6265,0.9605799728137744
6266,0.9605799728137744
6267,0.9605799728137744
6268,0.9605799728137744
6269,0.015257469802924348
6270,0.9605799728137744
6271,0.43859649122807015
6272,0.9605799728137744
6273,0.015257469802924348
6274,0.015257469802924348
6275,0.9605799728137744
6276,0.9605799728137744
6277,0.43859649122807015
6278,0.9605799728137744
6279,0.9605799728137744
6280,0.015257469802924348
6281,0.015257469802924348
6282,0.9605799728137744
6283,0.9605799728137744
6284,0.9605799728137744
6285,0.015257469802924348
6286,0.015257469802924348
6287,0.015257469802924348
6288,0.9605799728137744
6289,0.015257469802924348
6290,0.9605799728137744
6291,0.9605799728137744
6292,0.9605799728137744
6293,0.2619047619047619
6294,0.9605799728137744
6295,0.1885245901639344
6296,0.7080645161290322
6297,0.015257469802924348
6298,0.015257469802924348
6299,0.9605799728137744
6300,0.9605799728137744
6301,0.015257469802924348
6302,0.9605799728137744
6303,0.2619047619047619
6304,0.015257469802924348
6305,0.7080645161290322
6306,0.9605799728137744
6307,0.015257469802924348
6308,0.9605799728137744
6309,0.9605799728137744
6310,0.015257469802924348
6311,0.1885245901639344
6312,0.7080645161290322
6313,0.9605799728137744
6314,0.9605799728137744
6315,0.43859649122807015
6316,0.015257469802924348
6317,0.015257469802924348
6318,0.015257469802924348
6319,0.9605799728137744
6320,0.015257469802924348
6321,0.015257469802924348
6322,0.9605799728137744
6323,0.43859649122807015
6324,0.9605799728137744
6325,0.9605799728137744
6326,0.9605799728137744
6327,0.015257469802924348
6328,0.015257469802924348
6329,0.1885245901639344
6330,0.9605799728137744
6331,0.015257469802924348
6332,0.43859649122807015
6333,0.7080645161290322
6334,0.9605799728137744
6335,0.9605799728137744
6336,0.7080645161290322
6337,0.9605799728137744
6338,0.015257469802924348
6339,0.015257469802924348
6340,0.9605799728137744
6341,0.015257469802924348
6342,0.9605799728137744
6343,0.015257469802924348
6344,0.015257469802924348
6345,0.9605799728137744
6346,0.9605799728137744
6347,0.9605799728137744
6348,0.7080645161290322
6349,0.7080645161290322
6350,0.015257469802924348
6351,0.9605799728137744
6352,0.9605799728137744
6353,0.015257469802924348
6354,0.43859649122807015
6355,0.015257469802924348
6356,0.9605799728137744
6357,0.9605799728137744
6358,0.9605799728137744
6359,0.015257469802924348
6360,0.015257469802924348
6361,0.9605799728137744
6362,0.9605799728137744
6363,0.1885245901639344
6364,0.9605799728137744
6365,0.015257469802924348
6366,0.015257469802924348
6367,0.9605799728137744
6368,0.1885245901639344
6369,0.7080645161290322
6370,0.7080645161290322
6371,0.1885245901639344
6372,0.015257469802924348
6373,0.9605799728137744
6374,0.9605799728137744
6375,0.9605799728137744
6376,0.015257469802924348
6377,0.7080645161290322
6378,0.015257469802924348
6379,0.22727272727272727
6380,0.015257469802924348
6381,0.7080645161290322
6382,0.015257469802924348
6383,0.9605799728137744
6384,0.7080645161290322
6385,0.9605799728137744
6386,0.9605799728137744
6387,0.9605799728137744
6388,0.7080645161290322
6389,0.9605799728137744
6390,0.2619047619047619
6391,0.015257469802924348
6392,0.7080645161290322
6393,0.015257469802924348
6394,0.015257469802924348
6395,0.43859649122807015
6396,0.9605799728137744
6397,0.9605799728137744
6398,0.7080645161290322
6399,0.1885245901639344
6400,0.9605799728137744
6401,0.015257469802924348
6402,0.9605799728137744
6403,0.9605799728137744
6404,0.9605799728137744
6405,0.9605799728137744
6406,0.5
6407,0.9605799728137744
6408,0.015257469802924348
6409,0.7080645161290322
6410,0.7080645161290322
6411,0.015257469802924348
6412,0.015257469802924348
6413,0.9605799728137744
6414,0.9605799728137744
6415,0.7080645161290322
6416,0.9605799728137744
6417,0.7080645161290322
6418,0.22727272727272727
6419,0.015257469802924348
6420,0.9605799728137744
6421,0.9605799728137744
6422,0.015257469802924348
6423,0.9605799728137744
6424,0.9605799728137744
6425,0.9605799728137744
6426,0.015257469802924348
6427,0.015257469802924348
6428,0.9605799728137744
6429,0.7080645161290322
6430,0.9605799728137744
6431,0.015257469802924348
6432,0.9605799728137744
6433,0.9605799728137744
6434,0.015257469802924348
6435,0.9605799728137744
6436,0.015257469802924348
6437,0.9605799728137744
6438,0.9605799728137744
6439,0.015257469802924348
6440,0.22727272727272727
6441,0.015257469802924348
6442,0.9605799728137744
6443,0.7080645161290322
6444,0.1885245901639344
6445,0.015257469802924348
6446,0.9605799728137744
6447,0.015257469802924348
6448,0.015257469802924348
6449,0.9605799728137744
6450,0.015257469802924348
6451,0.22727272727272727
6452,0.9605799728137744
6453,0.43859649122807015
6454,0.015257469802924348
6455,0.015257469802924348
6456,0.1885245901639344
6457,0.9605799728137744
6458,0.9605799728137744
6459,0.015257469802924348
6460,0.1885245901639344
6461,0.015257469802924348
6462,0.9605799728137744
6463,0.9605799728137744
6464,0.7080645161290322
6465,0.015257469802924348
6466,0.9605799728137744
6467,0.9605799728137744
6468,0.9605799728137744
6469,0.7080645161290322
6470,0.43859649122807015
6471,0.9605799728137744
6472,0.1885245901639344
6473,0.1885245901639344
6474,0.9605799728137744
6475,0.015257469802924348
6476,0.9605799728137744
6477,0.9605799728137744
6478,0.015257469802924348
6479,0.9605799728137744
6480,0.9605799728137744
6481,0.9605799728137744
6482,0.43859649122807015
6483,0.9605799728137744
6484,0.015257469802924348
6485,0.9605799728137744
6486,0.9605799728137744
6487,0.43859649122807015
6488,0.015257469802924348
6489,0.2619047619047619
6490,0.9605799728137744
6491,0.9605799728137744
6492,0.015257469802924348
6493,0.9605799728137744
6494,0.7080645161290322
6495,0.1885245901639344
6496,0.015257469802924348
6497,0.015257469802924348
6498,0.9605799728137744
6499,0.9605799728137744
6500,0.9605799728137744
6501,0.9605799728137744
6502,0.43859649122807015
6503,0.9605799728137744
6504,0.015257469802924348
6505,0.015257469802924348
6506,0.015257469802924348
6507,0.9605799728137744
6508,0.015257469802924348
6509,0.015257469802924348
6510,0.015257469802924348
6511,0.015257469802924348
6512,0.9605799728137744
6513,0.9605799728137744
6514,0.015257469802924348
6515,0.9605799728137744
6516,0.5
6517,0.9605799728137744
6518,0.7080645161290322
6519,0.2619047619047619
6520,0.9605799728137744
6521,0.015257469802924348
6522,0.1885245901639344
6523,0.9605799728137744
6524,0.9605799728137744
6525,0.015257469802924348
6526,0.9605799728137744
6527,0.9605799728137744
6528,0.015257469802924348
6529,0.2619047619047619
6530,0.9605799728137744
6531,0.9605799728137744
6532,0.9605799728137744
6533,0.015257469802924348
6534,0.43859649122807015
6535,0.9605799728137744
6536,0.015257469802924348
6537,0.7080645161290322
6538,0.9605799728137744
6539,0.015257469802924348
6540,0.9605799728137744
6541,0.1885245901639344
6542,0.015257469802924348
6543,0.015257469802924348
6544,0.1885245901639344
6545,0.015257469802924348
6546,0.9605799728137744
6547,0.015257469802924348
6548,0.7080645161290322
6549,0.015257469802924348
6550,0.9605799728137744
6551,0.9605799728137744
6552,0.9605799728137744
6553,0.9605799728137744
6554,0.9605799728137744
6555,0.9605799728137744
6556,0.015257469802924348
6557,0.2619047619047619
6558,0.015257469802924348
6559,0.7080645161290322
6560,0.015257469802924348
6561,0.9605799728137744
6562,0.9605799728137744
6563,0.9605799728137744
6564,0.9605799728137744
6565,0.9605799728137744
6566,0.015257469802924348
6567,0.9605799728137744
6568,0.43859649122807015
6569,0.015257469802924348
6570,0.9605799728137744
6571,0.9605799728137744
6572,0.9605799728137744
6573,0.9605799728137744
6574,0.015257469802924348
6575,0.015257469802924348
6576,0.9605799728137744
6577,0.015257469802924348
6578,0.015257469802924348
6579,0.43859649122807015
6580,0.015257469802924348
6581,0.015257469802924348
6582,0.9605799728137744
6583,0.9605799728137744
6584,0.9605799728137744
6585,0.015257469802924348
6586,0.9605799728137744
6587,0.015257469802924348
6588,0.7080645161290322
6589,0.015257469802924348
6590,0.9605799728137744
6591,0.9605799728137744
6592,0.9605799728137744
6593,0.9605799728137744
6594,0.1885245901639344
6595,0.43859649122807015
6596,0.015257469802924348
6597,0.9605799728137744
6598,0.015257469802924348
6599,0.9605799728137744
6600,0.7080645161290322
6601,0.9605799728137744
6602,0.9605799728137744
6603,0.015257469802924348
6604,0.7080645161290322
6605,0.015257469802924348
6606,0.9605799728137744
6607,0.7080645161290322
6608,0.9605799728137744
6609,0.9605799728137744
6610,0.015257469802924348
6611,0.015257469802924348
6612,0.015257469802924348
6613,0.9605799728137744
6614,0.9605799728137744
6615,0.9605799728137744
6616,0.015257469802924348
6617,0.9605799728137744
6618,0.015257469802924348
6619,0.015257469802924348
6620,0.9605799728137744
6621,0.015257469802924348
6622,0.9605799728137744
6623,0.7080645161290322
6624,0.9605799728137744
6625,0.9605799728137744
6626,0.7080645161290322
6627,0.9605799728137744
6628,0.9605799728137744
6629,0.015257469802924348
6630,0.9605799728137744
6631,0.015257469802924348
6632,0.9605799728137744
6633,0.22727272727272727
6634,0.7080645161290322
6635,0.7080645161290322
6636,0.015257469802924348
6637,0.9605799728137744
6638,0.7080645161290322
6639,0.015257469802924348
6640,0.9605799728137744
6641,0.015257469802924348
6642,0.9605799728137744
6643,0.7080645161290322
6644,0.015257469802924348
6645,0.015257469802924348
6646,0.015257469802924348
6647,0.9605799728137744
6648,0.015257469802924348
6649,0.015257469802924348
6650,0.015257469802924348
6651,0.015257469802924348
6652,0.9605799728137744
6653,0.015257469802924348
6654,0.9605799728137744
6655,0.9605799728137744
6656,0.7080645161290322
6657,0.7080645161290322
6658,0.015257469802924348
6659,0.015257469802924348
6660,0.015257469802924348
6661,0.9605799728137744
6662,0.9605799728137744
6663,0.5
6664,0.9605799728137744
6665,0.015257469802924348
6666,0.9605799728137744
6667,0.9605799728137744
6668,0.7080645161290322
6669,0.9605799728137744
6670,0.9605799728137744
6671,0.015257469802924348
6672,0.9605799728137744
6673,0.9605799728137744
6674,0.015257469802924348
6675,0.1885245901639344
6676,0.015257469802924348
6677,0.9605799728137744
6678,0.015257469802924348
6679,0.9605799728137744
6680,0.43859649122807015
6681,0.9605799728137744
6682,0.9605799728137744
6683,0.015257469802924348
6684,0.015257469802924348
6685,0.015257469802924348
6686,0.015257469802924348
6687,0.7080645161290322
6688,0.9605799728137744
6689,0.7080645161290322
6690,0.1885245901639344
6691,0.9605799728137744
6692,0.9605799728137744
6693,0.015257469802924348
6694,0.9605799728137744
6695,0.9605799728137744
6696,0.015257469802924348
6697,0.015257469802924348
6698,0.9605799728137744
6699,0.015257469802924348
6700,0.015257469802924348
6701,0.015257469802924348
6702,0.015257469802924348
6703,0.015257469802924348
6704,0.015257469802924348
6705,0.9605799728137744
6706,0.9605799728137744
6707,0.9605799728137744
6708,0.9605799728137744
6709,0.7080645161290322
6710,0.9605799728137744
6711,0.015257469802924348
6712,0.7080645161290322
6713,0.9605799728137744
6714,0.1885245901639344
6715,0.015257469802924348
6716,0.9605799728137744
6717,0.43859649122807015
6718,0.9605799728137744
6719,0.43859649122807015
6720,0.7080645161290322
6721,0.015257469802924348
6722,0.7080645161290322
6723,0.015257469802924348
6724,0.7080645161290322
6725,0.9605799728137744
6726,0.9605799728137744
6727,0.9605799728137744
6728,0.9605799728137744
6729,0.9605799728137744
6730,0.015257469802924348
6731,0.015257469802924348
6732,0.9605799728137744
6733,0.9605799728137744
6734,0.9605799728137744
6735,0.7080645161290322
6736,0.015257469802924348
6737,0.015257469802924348
6738,0.9605799728137744
6739,0.015257469802924348
6740,0.015257469802924348
6741,0.015257469802924348
6742,0.9605799728137744
6743,0.7080645161290322
6744,0.9605799728137744
6745,0.015257469802924348
6746,0.9605799728137744
6747,0.015257469802924348
6748,0.9605799728137744
6749,0.9605799728137744
6750,0.9605799728137744
6751,0.2619047619047619
6752,0.9605799728137744
6753,0.9605799728137744
6754,0.1885245901639344
6755,0.7080645161290322
6756,0.015257469802924348
6757,0.9605799728137744
6758,0.7080645161290322
6759,0.43859649122807015
6760,0.22727272727272727
6761,0.015257469802924348
6762,0.9605799728137744
6763,0.9605799728137744
6764,0.015257469802924348
6765,0.015257469802924348
6766,0.015257469802924348
6767,0.9605799728137744
6768,0.7080645161290322
6769,0.7080645161290322
6770,0.7080645161290322
6771,0.015257469802924348
6772,0.9605799728137744
6773,0.9605799728137744
6774,0.9605799728137744
6775,0.015257469802924348
6776,0.9605799728137744
6777,0.9605799728137744
6778,0.015257469802924348
6779,0.015257469802924348
6780,0.1885245901639344
6781,0.9605799728137744
6782,0.015257469802924348
6783,0.015257469802924348
6784,0.9605799728137744
6785,0.7080645161290322
6786,0.9605799728137744
6787,0.9605799728137744
6788,0.015257469802924348
6789,0.7080645161290322
6790,0.9605799728137744
6791,0.9605799728137744
6792,0.015257469802924348
6793,0.9605799728137744
6794,0.43859649122807015
6795,0.9605799728137744
6796,0.9605799728137744
6797,0.9605799728137744
6798,0.015257469802924348
6799,0.9605799728137744
6800,0.43859649122807015
6801,0.7080645161290322
6802,0.9605799728137744
6803,0.9605799728137744
6804,0.9605799728137744
6805,0.015257469802924348
6806,0.9605799728137744
6807,0.015257469802924348
6808,0.7080645161290322
6809,0.015257469802924348
6810,0.7080645161290322
6811,0.9605799728137744
6812,0.9605799728137744
6813,0.9605799728137744
6814,0.22727272727272727
6815,0.43859649122807015
6816,0.015257469802924348
6817,0.015257469802924348
6818,0.9605799728137744
6819,0.9605799728137744
6820,0.9605799728137744
6821,0.9605799728137744
6822,0.015257469802924348
6823,0.9605799728137744
6824,0.015257469802924348
6825,0.015257469802924348
6826,0.1885245901639344
6827,0.9605799728137744
6828,0.9605799728137744
6829,0.015257469802924348
6830,0.9605799728137744
6831,0.7080645161290322
6832,0.7080645161290322
6833,0.015257469802924348
6834,0.7080645161290322
6835,0.015257469802924348
6836,0.9605799728137744
6837,0.9605799728137744
6838,0.015257469802924348
6839,0.015257469802924348
6840,0.015257469802924348
6841,0.7080645161290322
6842,0.9605799728137744
6843,0.7080645161290322
6844,0.9605799728137744
6845,0.9605799728137744
6846,0.9605799728137744
6847,0.1885245901639344
6848,0.015257469802924348
6849,0.015257469802924348
6850,0.9605799728137744
6851,0.9605799728137744
6852,0.43859649122807015
6853,0.22727272727272727
6854,0.9605799728137744
6855,0.015257469802924348
6856,0.9605799728137744
6857,0.015257469802924348
6858,0.015257469802924348
6859,0.7080645161290322
6860,0.7080645161290322
6861,0.9605799728137744
6862,0.015257469802924348
6863,0.9605799728137744
6864,0.015257469802924348
6865,0.9605799728137744
6866,0.9605799728137744
6867,0.015257469802924348
6868,0.015257469802924348
6869,0.9605799728137744
6870,0.015257469802924348
6871,0.9605799728137744
6872,0.015257469802924348
6873,0.015257469802924348
6874,0.2619047619047619
6875,0.1885245901639344
6876,0.015257469802924348
6877,0.9605799728137744
6878,0.015257469802924348
6879,0.43859649122807015
6880,0.22727272727272727
6881,0.015257469802924348
6882,0.015257469802924348
6883,0.015257469802924348
6884,0.9605799728137744
6885,0.9605799728137744
6886,0.5
6887,0.015257469802924348
6888,0.2619047619047619
6889,0.9605799728137744
6890,0.9605799728137744
6891,0.015257469802924348
6892,0.015257469802924348
6893,0.7080645161290322
6894,0.7080645161290322
6895,0.5
6896,0.1885245901639344
6897,0.9605799728137744
6898,0.43859649122807015
6899,0.9605799728137744
6900,0.015257469802924348
6901,0.9605799728137744
6902,0.015257469802924348
6903,0.9605799728137744
6904,0.015257469802924348
6905,0.015257469802924348
6906,0.9605799728137744
6907,0.1885245901639344
6908,0.9605799728137744
6909,0.9605799728137744
6910,0.9605799728137744
6911,0.9605799728137744
6912,0.015257469802924348
6913,0.9605799728137744
6914,0.9605799728137744
6915,0.015257469802924348
6916,0.015257469802924348
6917,0.9605799728137744
6918,0.015257469802924348
6919,0.1885245901639344
6920,0.015257469802924348
6921,0.015257469802924348
6922,0.015257469802924348
6923,0.9605799728137744
6924,0.9605799728137744
6925,0.015257469802924348
6926,0.9605799728137744
6927,0.7080645161290322
6928,0.015257469802924348
6929,0.9605799728137744
6930,0.5
6931,0.015257469802924348
6932,0.43859649122807015
6933,0.7080645161290322
6934,0.015257469802924348
6935,0.43859649122807015
6936,0.015257469802924348
6937,0.9605799728137744
6938,0.015257469802924348
6939,0.015257469802924348
6940,0.9605799728137744
6941,0.015257469802924348
6942,0.7080645161290322
6943,0.015257469802924348
6944,0.015257469802924348
6945,0.9605799728137744
6946,0.015257469802924348
6947,0.015257469802924348
6948,0.015257469802924348
6949,0.43859649122807015
6950,0.015257469802924348
6951,0.9605799728137744
6952,0.9605799728137744
6953,0.9605799728137744
6954,0.2619047619047619
6955,0.9605799728137744
6956,0.9605799728137744
6957,0.015257469802924348
6958,0.015257469802924348
6959,0.015257469802924348
6960,0.9605799728137744
6961,0.9605799728137744
6962,0.9605799728137744
6963,0.9605799728137744
6964,0.9605799728137744
6965,0.9605799728137744
6966,0.9605799728137744
6967,0.9605799728137744
6968,0.015257469802924348
6969,0.9605799728137744
6970,0.015257469802924348
6971,0.015257469802924348
6972,0.43859649122807015
6973,0.9605799728137744
6974,0.7080645161290322
6975,0.1885245901639344
6976,0.015257469802924348
6977,0.015257469802924348
6978,0.7080645161290322
6979,0.9605799728137744
6980,0.9605799728137744
6981,0.9605799728137744
6982,0.015257469802924348
6983,0.7080645161290322
6984,0.9605799728137744
6985,0.1885245901639344
6986,0.5
6987,0.9605799728137744
6988,0.7080645161290322
6989,0.9605799728137744
6990,0.015257469802924348
6991,0.9605799728137744
6992,0.9605799728137744
6993,0.43859649122807015
6994,0.22727272727272727
6995,0.015257469802924348
6996,0.9605799728137744
6997,0.9605799728137744
6998,0.015257469802924348
6999,0.9605799728137744
7000,0.7080645161290322
7001,0.9605799728137744
7002,0.9605799728137744
7003,0.9605799728137744
7004,0.43859649122807015
7005,0.015257469802924348
7006,0.9605799728137744
7007,0.43859649122807015
7008,0.43859649122807015
7009,0.1885245901639344
7010,0.7080645161290322
7011,0.9605799728137744
7012,0.7080645161290322
7013,0.9605799728137744
7014,0.7080645161290322
7015,0.015257469802924348
7016,0.9605799728137744
7017,0.7080645161290322
7018,0.7080645161290322
7019,0.015257469802924348
7020,0.015257469802924348
7021,0.1885245901639344
7022,0.9605799728137744
7023,0.5
7024,0.9605799728137744
7025,0.9605799728137744
7026,0.9605799728137744
7027,0.015257469802924348
7028,0.9605799728137744
7029,0.43859649122807015
7030,0.015257469802924348
7031,0.9605799728137744
7032,0.9605799728137744
7033,0.015257469802924348
7034,0.9605799728137744
7035,0.9605799728137744
7036,0.015257469802924348
7037,0.9605799728137744
7038,0.7080645161290322
7039,0.9605799728137744
7040,0.9605799728137744
7041,0.9605799728137744
7042,0.9605799728137744
7043,0.22727272727272727
7044,0.9605799728137744
7045,0.015257469802924348
7046,0.015257469802924348
7047,0.43859649122807015
7048,0.015257469802924348
7049,0.9605799728137744
7050,0.015257469802924348
7051,0.9605799728137744
7052,0.2619047619047619
7053,0.015257469802924348
7054,0.9605799728137744
7055,0.1885245901639344
7056,0.015257469802924348
7057,0.7080645161290322
7058,0.9605799728137744
7059,0.015257469802924348
7060,0.9605799728137744
7061,0.015257469802924348
7062,0.9605799728137744
7063,0.015257469802924348
7064,0.9605799728137744
7065,0.9605799728137744
7066,0.015257469802924348
7067,0.015257469802924348
7068,0.9605799728137744
7069,0.015257469802924348
7070,0.7080645161290322
7071,0.7080645161290322
7072,0.7080645161290322
7073,0.015257469802924348
7074,0.015257469802924348
7075,0.7080645161290322
7076,0.015257469802924348
7077,0.9605799728137744
7078,0.9605799728137744
7079,0.9605799728137744
7080,0.015257469802924348
7081,0.015257469802924348
7082,0.015257469802924348
7083,0.2619047619047619
7084,0.9605799728137744
7085,0.015257469802924348
7086,0.7080645161290322
7087,0.9605799728137744
7088,0.9605799728137744
7089,0.1885245901639344
7090,0.9605799728137744
7091,0.9605799728137744
7092,0.7080645161290322
7093,0.9605799728137744
7094,0.43859649122807015
7095,0.9605799728137744
7096,0.015257469802924348
7097,0.9605799728137744
7098,0.7080645161290322
7099,0.015257469802924348
7100,0.015257469802924348
7101,0.7080645161290322
7102,0.015257469802924348
7103,0.5
7104,0.9605799728137744
7105,0.015257469802924348
7106,0.9605799728137744
7107,0.9605799728137744
7108,0.9605799728137744
7109,0.2619047619047619
7110,0.9605799728137744
7111,0.015257469802924348
7112,0.015257469802924348
7113,0.7080645161290322
7114,0.43859649122807015
7115,0.015257469802924348
7116,0.015257469802924348
7117,0.7080645161290322
7118,0.015257469802924348
7119,0.1885245901639344
7120,0.015257469802924348
7121,0.9605799728137744
7122,0.9605799728137744
7123,0.9605799728137744
7124,0.7080645161290322
7125,0.015257469802924348
7126,0.9605799728137744
7127,0.7080645161290322
7128,0.9605799728137744
7129,0.9605799728137744
7130,0.9605799728137744
7131,0.1885245901639344
7132,0.015257469802924348
7133,0.7080645161290322
7134,0.9605799728137744
7135,0.015257469802924348
7136,0.7080645161290322
7137,0.9605799728137744
7138,0.9605799728137744
7139,0.015257469802924348
7140,0.015257469802924348
7141,0.9605799728137744
7142,0.1885245901639344
7143,0.015257469802924348
7144,0.43859649122807015
7145,0.015257469802924348
7146,0.9605799728137744
7147,0.015257469802924348
7148,0.015257469802924348
7149,0.9605799728137744
7150,0.43859649122807015
7151,0.9605799728137744
7152,0.015257469802924348
7153,0.9605799728137744
7154,0.9605799728137744
7155,0.015257469802924348
7156,0.015257469802924348
7157,0.9605799728137744
7158,0.22727272727272727
7159,0.015257469802924348
7160,0.9605799728137744
7161,0.9605799728137744
7162,0.1885245901639344
7163,0.9605799728137744
7164,0.015257469802924348
7165,0.015257469802924348
7166,0.9605799728137744
7167,0.015257469802924348
7168,0.7080645161290322
7169,0.9605799728137744
7170,0.1885245901639344
7171,0.015257469802924348
7172,0.9605799728137744
7173,0.9605799728137744
7174,0.9605799728137744
7175,0.7080645161290322
7176,0.015257469802924348
7177,0.2619047619047619
7178,0.9605799728137744
7179,0.9605799728137744
7180,0.9605799728137744
7181,0.9605799728137744
7182,0.015257469802924348
7183,0.015257469802924348
7184,0.015257469802924348
7185,0.015257469802924348
7186,0.9605799728137744
7187,0.9605799728137744
7188,0.015257469802924348
7189,0.9605799728137744
7190,0.015257469802924348
7191,0.9605799728137744
7192,0.7080645161290322
7193,0.9605799728137744
7194,0.015257469802924348
7195,0.015257469802924348
7196,0.9605799728137744
7197,0.7080645161290322
7198,0.7080645161290322
7199,0.7080645161290322
7200,0.9605799728137744
7201,0.43859649122807015
7202,0.9605799728137744
7203,0.9605799728137744
7204,0.9605799728137744
7205,0.9605799728137744
7206,0.9605799728137744
7207,0.9605799728137744
7208,0.1885245901639344
7209,0.9605799728137744
7210,0.9605799728137744
7211,0.1885245901639344
7212,0.1885245901639344
7213,0.9605799728137744
7214,0.9605799728137744
7215,0.9605799728137744
7216,0.22727272727272727
7217,0.7080645161290322
7218,0.015257469802924348
7219,0.9605799728137744
7220,0.9605799728137744
7221,0.9605799728137744
7222,0.9605799728137744
7223,0.015257469802924348
7224,0.9605799728137744
7225,0.9605799728137744
7226,0.9605799728137744
7227,0.7080645161290322
7228,0.015257469802924348
7229,0.015257469802924348
7230,0.1885245901639344
7231,0.9605799728137744
7232,0.9605799728137744
7233,0.9605799728137744
7234,0.9605799728137744
7235,0.9605799728137744
7236,0.015257469802924348
7237,0.9605799728137744
7238,0.015257469802924348
7239,0.015257469802924348
7240,0.7080645161290322
7241,0.7080645161290322
7242,0.7080645161290322
7243,0.9605799728137744
7244,0.7080645161290322
7245,0.9605799728137744
7246,0.015257469802924348
7247,0.1885245901639344
7248,0.9605799728137744
7249,0.015257469802924348
7250,0.9605799728137744
7251,0.9605799728137744
7252,0.22727272727272727
7253,0.9605799728137744
7254,0.015257469802924348
7255,0.9605799728137744
7256,0.015257469802924348
7257,0.9605799728137744
7258,0.9605799728137744
7259,0.7080645161290322
7260,0.015257469802924348
7261,0.015257469802924348
7262,0.1885245901639344
7263,0.9605799728137744
7264,0.015257469802924348
7265,0.7080645161290322
7266,0.9605799728137744
7267,0.9605799728137744
7268,0.015257469802924348
7269,0.015257469802924348
7270,0.9605799728137744
7271,0.9605799728137744
7272,0.9605799728137744
7273,0.9605799728137744
7274,0.9605799728137744
7275,0.9605799728137744
7276,0.9605799728137744
7277,0.9605799728137744
7278,0.015257469802924348
7279,0.015257469802924348
7280,0.1885245901639344
7281,0.9605799728137744
7282,0.9605799728137744
7283,0.015257469802924348
7284,0.9605799728137744
7285,0.9605799728137744
7286,0.9605799728137744
7287,0.015257469802924348
7288,0.9605799728137744
7289,0.9605799728137744
7290,0.9605799728137744
7291,0.43859649122807015
7292,0.015257469802924348
7293,0.9605799728137744
7294,0.7080645161290322
7295,0.9605799728137744
7296,0.1885245901639344
7297,0.9605799728137744
7298,0.015257469802924348
7299,0.9605799728137744
7300,0.015257469802924348
7301,0.9605799728137744
7302,0.9605799728137744
7303,0.9605799728137744
7304,0.9605799728137744
7305,0.9605799728137744
7306,0.9605799728137744
7307,0.7080645161290322
7308,0.9605799728137744
7309,0.9605799728137744
7310,0.9605799728137744
7311,0.9605799728137744
7312,0.9605799728137744
7313,0.7080645161290322
7314,0.7080645161290322
7315,0.015257469802924348
7316,0.1885245901639344
7317,0.015257469802924348
7318,0.2619047619047619
7319,0.9605799728137744
7320,0.9605799728137744
7321,0.7080645161290322
7322,0.015257469802924348
7323,0.015257469802924348
7324,0.015257469802924348
7325,0.015257469802924348
7326,0.9605799728137744
7327,0.015257469802924348
7328,0.9605799728137744
7329,0.9605799728137744
7330,0.9605799728137744
7331,0.9605799728137744
7332,0.9605799728137744
7333,0.9605799728137744
7334,0.015257469802924348
7335,0.015257469802924348
7336,0.015257469802924348
7337,0.9605799728137744
7338,0.1885245901639344
7339,0.7080645161290322
7340,0.015257469802924348
7341,0.7080645161290322
7342,0.9605799728137744
7343,0.015257469802924348
7344,0.015257469802924348
7345,0.015257469802924348
7346,0.9605799728137744
7347,0.015257469802924348
7348,0.43859649122807015
7349,0.9605799728137744
7350,0.1885245901639344
7351,0.7080645161290322
7352,0.015257469802924348
7353,0.015257469802924348
7354,0.1885245901639344
7355,0.015257469802924348
7356,0.015257469802924348
7357,0.9605799728137744
7358,0.43859649122807015
7359,0.9605799728137744
7360,0.9605799728137744
7361,0.9605799728137744
7362,0.7080645161290322
7363,0.015257469802924348
7364,0.9605799728137744
7365,0.43859649122807015
7366,0.9605799728137744
7367,0.7080645161290322
7368,0.7080645161290322
7369,0.015257469802924348
7370,0.015257469802924348
7371,0.9605799728137744
7372,0.015257469802924348
7373,0.9605799728137744
7374,0.015257469802924348
7375,0.9605799728137744
7376,0.9605799728137744
7377,0.9605799728137744
7378,0.9605799728137744
7379,0.9605799728137744
7380,0.015257469802924348
7381,0.1885245901639344
7382,0.9605799728137744
7383,0.015257469802924348
7384,0.7080645161290322
7385,0.015257469802924348
7386,0.9605799728137744
7387,0.9605799728137744
7388,0.9605799728137744
7389,0.9605799728137744
7390,0.015257469802924348
7391,0.015257469802924348
7392,0.015257469802924348
7393,0.015257469802924348
7394,0.9605799728137744
7395,0.9605799728137744
7396,0.015257469802924348
7397,0.9605799728137744
7398,0.7080645161290322
7399,0.9605799728137744
7400,0.9605799728137744
7401,0.015257469802924348
7402,0.9605799728137744
7403,0.9605799728137744
7404,0.7080645161290322
7405,0.015257469802924348
7406,0.015257469802924348
7407,0.9605799728137744
7408,0.015257469802924348
7409,0.015257469802924348
7410,0.015257469802924348
7411,0.015257469802924348
7412,0.015257469802924348
7413,0.1885245901639344
7414,0.9605799728137744
7415,0.015257469802924348
7416,0.015257469802924348
7417,0.9605799728137744
7418,0.7080645161290322
7419,0.9605799728137744
7420,0.9605799728137744
7421,0.9605799728137744
7422,0.9605799728137744
7423,0.9605799728137744
7424,0.015257469802924348
7425,0.9605799728137744
7426,0.1885245901639344
7427,0.9605799728137744
7428,0.015257469802924348
7429,0.015257469802924348
7430,0.9605799728137744
7431,0.015257469802924348
7432,0.1885245901639344
7433,0.9605799728137744
7434,0.7080645161290322
7435,0.9605799728137744
7436,0.7080645161290322
7437,0.7080645161290322
7438,0.015257469802924348
7439,0.015257469802924348
7440,0.7080645161290322
7441,0.9605799728137744
7442,0.015257469802924348
7443,0.1885245901639344
7444,0.9605799728137744
7445,0.9605799728137744
7446,0.5
7447,0.22727272727272727
7448,0.015257469802924348
7449,0.9605799728137744
7450,0.7080645161290322
7451,0.015257469802924348
7452,0.43859649122807015
7453,0.2619047619047619
7454,0.9605799728137744
7455,0.9605799728137744
7456,0.015257469802924348
7457,0.22727272727272727
7458,0.015257469802924348
7459,0.015257469802924348
7460,0.015257469802924348
7461,0.9605799728137744
7462,0.9605799728137744
7463,0.9605799728137744
7464,0.015257469802924348
7465,0.9605799728137744
7466,0.2619047619047619
7467,0.9605799728137744
7468,0.015257469802924348
7469,0.7080645161290322
7470,0.9605799728137744
7471,0.015257469802924348
7472,0.015257469802924348
7473,0.9605799728137744
7474,0.015257469802924348
7475,0.9605799728137744
7476,0.43859649122807015
7477,0.015257469802924348
7478,0.015257469802924348
7479,0.015257469802924348
7480,0.1885245901639344
7481,0.9605799728137744
7482,0.015257469802924348
7483,0.015257469802924348
7484,0.9605799728137744
7485,0.9605799728137744
7486,0.015257469802924348
7487,0.9605799728137744
7488,0.9605799728137744
7489,0.9605799728137744
7490,0.1885245901639344
7491,0.9605799728137744
7492,0.9605799728137744
7493,0.7080645161290322
7494,0.9605799728137744
7495,0.015257469802924348
7496,0.015257469802924348
7497,0.9605799728137744
7498,0.9605799728137744
7499,0.7080645161290322
7500,0.9605799728137744
7501,0.9605799728137744
7502,0.2619047619047619
7503,0.9605799728137744
7504,0.9605799728137744
7505,0.9605799728137744
7506,0.9605799728137744
7507,0.015257469802924348
7508,0.015257469802924348
7509,0.43859649122807015
7510,0.015257469802924348
7511,0.7080645161290322
7512,0.015257469802924348
7513,0.015257469802924348
7514,0.1885245901639344
7515,0.9605799728137744
7516,0.9605799728137744
7517,0.1885245901639344
7518,0.015257469802924348
7519,0.9605799728137744
7520,0.015257469802924348
7521,0.015257469802924348
7522,0.1885245901639344
7523,0.1885245901639344
7524,0.015257469802924348
7525,0.015257469802924348
7526,0.9605799728137744
7527,0.9605799728137744
7528,0.7080645161290322
7529,0.9605799728137744
7530,0.9605799728137744
7531,0.7080645161290322
7532,0.1885245901639344
7533,0.9605799728137744
7534,0.9605799728137744
7535,0.015257469802924348
7536,0.9605799728137744
7537,0.1885245901639344
7538,0.015257469802924348
7539,0.9605799728137744
7540,0.9605799728137744
7541,0.9605799728137744
7542,0.9605799728137744
7543,0.9605799728137744
7544,0.015257469802924348
7545,0.5
7546,0.9605799728137744
7547,0.015257469802924348
7548,0.9605799728137744
7549,0.015257469802924348
7550,0.015257469802924348
7551,0.7080645161290322
7552,0.9605799728137744
7553,0.9605799728137744
7554,0.9605799728137744
7555,0.7080645161290322
7556,0.9605799728137744
7557,0.43859649122807015
7558,0.015257469802924348
7559,0.43859649122807015
7560,0.9605799728137744
7561,0.9605799728137744
7562,0.43859649122807015
7563,0.9605799728137744
7564,0.015257469802924348
7565,0.015257469802924348
7566,0.015257469802924348
7567,0.7080645161290322
7568,0.9605799728137744
7569,0.1885245901639344
7570,0.015257469802924348
7571,0.015257469802924348
7572,0.9605799728137744
7573,0.9605799728137744
7574,0.9605799728137744
7575,0.9605799728137744
7576,0.9605799728137744
7577,0.7080645161290322
7578,0.9605799728137744
7579,0.7080645161290322
7580,0.015257469802924348
7581,0.9605799728137744
7582,0.015257469802924348
7583,0.7080645161290322
7584,0.9605799728137744
7585,0.015257469802924348
7586,0.43859649122807015
7587,0.9605799728137744
7588,0.43859649122807015
7589,0.43859649122807015
7590,0.015257469802924348
7591,0.9605799728137744
7592,0.9605799728137744
7593,0.9605799728137744
7594,0.015257469802924348
7595,0.7080645161290322
7596,0.9605799728137744
7597,0.9605799728137744
7598,0.9605799728137744
7599,0.015257469802924348
7600,0.9605799728137744
7601,0.43859649122807015
7602,0.015257469802924348
7603,0.9605799728137744
7604,0.015257469802924348
7605,0.015257469802924348
7606,0.9605799728137744
7607,0.015257469802924348
7608,0.7080645161290322
7609,0.7080645161290322
7610,0.9605799728137744
7611,0.9605799728137744
7612,0.9605799728137744
7613,0.015257469802924348
7614,0.9605799728137744
7615,0.9605799728137744
7616,0.015257469802924348
7617,0.9605799728137744
7618,0.015257469802924348
7619,0.9605799728137744
7620,0.9605799728137744
7621,0.015257469802924348
7622,0.015257469802924348
7623,0.015257469802924348
7624,0.015257469802924348
7625,0.015257469802924348
7626,0.9605799728137744
7627,0.9605799728137744
7628,0.015257469802924348
7629,0.015257469802924348
7630,0.7080645161290322
7631,0.9605799728137744
7632,0.9605799728137744
7633,0.9605799728137744
7634,0.9605799728137744
7635,0.9605799728137744
7636,0.015257469802924348
7637,0.7080645161290322
7638,0.7080645161290322
7639,0.9605799728137744
7640,0.9605799728137744
7641,0.7080645161290322
7642,0.7080645161290322
7643,0.9605799728137744
7644,0.9605799728137744
7645,0.015257469802924348
7646,0.9605799728137744
7647,0.015257469802924348
7648,0.015257469802924348
7649,0.9605799728137744
7650,0.9605799728137744
7651,0.015257469802924348
7652,0.015257469802924348
7653,0.9605799728137744
7654,0.015257469802924348
7655,0.9605799728137744
7656,0.015257469802924348
7657,0.015257469802924348
7658,0.9605799728137744
7659,0.015257469802924348
7660,0.9605799728137744
7661,0.9605799728137744
7662,0.9605799728137744
7663,0.015257469802924348
7664,0.015257469802924348
7665,0.7080645161290322
7666,0.9605799728137744
7667,0.9605799728137744
7668,0.015257469802924348
7669,0.9605799728137744
7670,0.015257469802924348
7671,0.7080645161290322
7672,0.015257469802924348
7673,0.9605799728137744
7674,0.015257469802924348
7675,0.015257469802924348
7676,0.015257469802924348
7677,0.7080645161290322
7678,0.9605799728137744
7679,0.7080645161290322
7680,0.9605799728137744
7681,0.015257469802924348
7682,0.015257469802924348
7683,0.9605799728137744
7684,0.9605799728137744
7685,0.9605799728137744
7686,0.9605799728137744
7687,0.1885245901639344
7688,0.015257469802924348
7689,0.7080645161290322
7690,0.9605799728137744
7691,0.015257469802924348
7692,0.9605799728137744
7693,0.43859649122807015
7694,0.9605799728137744
7695,0.7080645161290322
7696,0.015257469802924348
7697,0.015257469802924348
7698,0.015257469802924348
7699,0.9605799728137744
7700,0.9605799728137744
7701,0.9605799728137744
7702,0.015257469802924348
7703,0.015257469802924348
7704,0.015257469802924348
7705,0.7080645161290322
7706,0.9605799728137744
7707,0.2619047619047619
7708,0.9605799728137744
7709,0.1885245901639344
7710,0.9605799728137744
7711,0.9605799728137744
7712,0.9605799728137744
7713,0.015257469802924348
7714,0.9605799728137744
7715,0.9605799728137744
7716,0.7080645161290322
7717,0.015257469802924348
7718,0.9605799728137744
7719,0.9605799728137744
7720,0.7080645161290322
7721,0.7080645161290322
7722,0.9605799728137744
7723,0.015257469802924348
7724,0.9605799728137744
7725,0.9605799728137744
7726,0.43859649122807015
7727,0.015257469802924348
7728,0.9605799728137744
7729,0.9605799728137744
7730,0.9605799728137744
7731,0.015257469802924348
7732,0.7080645161290322
7733,0.015257469802924348
7734,0.9605799728137744
7735,0.9605799728137744
7736,0.9605799728137744
7737,0.015257469802924348
7738,0.22727272727272727
7739,0.9605799728137744
7740,0.9605799728137744
7741,0.015257469802924348
7742,0.7080645161290322
7743,0.43859649122807015
7744,0.7080645161290322
7745,0.015257469802924348
7746,0.015257469802924348
7747,0.9605799728137744
7748,0.9605799728137744
7749,0.9605799728137744
7750,0.43859649122807015
7751,0.015257469802924348
7752,0.7080645161290322
7753,0.1885245901639344
7754,0.9605799728137744
7755,0.015257469802924348
7756,0.015257469802924348
7757,0.1885245901639344
7758,0.015257469802924348
7759,0.9605799728137744
7760,0.1885245901639344
7761,0.9605799728137744
7762,0.43859649122807015
7763,0.9605799728137744
7764,0.9605799728137744
7765,0.1885245901639344
7766,0.9605799728137744
7767,0.9605799728137744
7768,0.9605799728137744
7769,0.7080645161290322
7770,0.015257469802924348
7771,0.9605799728137744
7772,0.015257469802924348
7773,0.9605799728137744
7774,0.015257469802924348
7775,0.9605799728137744
7776,0.22727272727272727
7777,0.015257469802924348
7778,0.43859649122807015
7779,0.015257469802924348
7780,0.7080645161290322
7781,0.9605799728137744
7782,0.7080645161290322
7783,0.7080645161290322
7784,0.9605799728137744
7785,0.9605799728137744
7786,0.7080645161290322
7787,0.9605799728137744
7788,0.9605799728137744
7789,0.43859649122807015
7790,0.015257469802924348
7791,0.2619047619047619
7792,0.9605799728137744
7793,0.9605799728137744
7794,0.015257469802924348
7795,0.9605799728137744
7796,0.9605799728137744
7797,0.7080645161290322
7798,0.9605799728137744
7799,0.9605799728137744
7800,0.9605799728137744
7801,0.9605799728137744
7802,0.9605799728137744
7803,0.015257469802924348
7804,0.015257469802924348
7805,0.22727272727272727
7806,0.7080645161290322
7807,0.015257469802924348
7808,0.9605799728137744
7809,0.43859649122807015
7810,0.015257469802924348
7811,0.015257469802924348
7812,0.5
7813,0.43859649122807015
7814,0.1885245901639344
7815,0.9605799728137744
7816,0.9605799728137744
7817,0.015257469802924348
7818,0.9605799728137744
7819,0.9605799728137744
7820,0.9605799728137744
7821,0.9605799728137744
7822,0.015257469802924348
7823,0.015257469802924348
7824,0.9605799728137744
7825,0.9605799728137744
7826,0.9605799728137744
7827,0.015257469802924348
7828,0.9605799728137744
7829,0.7080645161290322
7830,0.9605799728137744
7831,0.015257469802924348
7832,0.015257469802924348
7833,0.9605799728137744
7834,0.7080645161290322
7835,0.015257469802924348
7836,0.9605799728137744
7837,0.7080645161290322
7838,0.7080645161290322
7839,0.015257469802924348
7840,0.015257469802924348
7841,0.9605799728137744
7842,0.015257469802924348
7843,0.015257469802924348
7844,0.9605799728137744
7845,0.9605799728137744
7846,0.015257469802924348
7847,0.015257469802924348
7848,0.9605799728137744
7849,0.7080645161290322
7850,0.015257469802924348
7851,0.015257469802924348
7852,0.015257469802924348
7853,0.9605799728137744
7854,0.9605799728137744
7855,0.9605799728137744
7856,0.015257469802924348
7857,0.9605799728137744
7858,0.015257469802924348
7859,0.9605799728137744
7860,0.015257469802924348
7861,0.015257469802924348
7862,0.2619047619047619
7863,0.22727272727272727
7864,0.9605799728137744
7865,0.9605799728137744
7866,0.9605799728137744
7867,0.015257469802924348
7868,0.9605799728137744
7869,0.9605799728137744
7870,0.9605799728137744
7871,0.015257469802924348
7872,0.43859649122807015
7873,0.015257469802924348
7874,0.015257469802924348
7875,0.015257469802924348
7876,0.9605799728137744
7877,0.43859649122807015
7878,0.015257469802924348
7879,0.5
7880,0.015257469802924348
7881,0.9605799728137744
7882,0.7080645161290322
7883,0.9605799728137744
7884,0.43859649122807015
7885,0.7080645161290322
7886,0.7080645161290322
7887,0.9605799728137744
7888,0.015257469802924348
7889,0.7080645161290322
7890,0.1885245901639344
7891,0.7080645161290322
7892,0.015257469802924348
7893,0.9605799728137744
7894,0.9605799728137744
7895,0.015257469802924348
7896,0.1885245901639344
7897,0.5
7898,0.9605799728137744
7899,0.9605799728137744
7900,0.015257469802924348
7901,0.9605799728137744
7902,0.7080645161290322
7903,0.015257469802924348
7904,0.9605799728137744
7905,0.9605799728137744
7906,0.015257469802924348
7907,0.9605799728137744
7908,0.9605799728137744
7909,0.9605799728137744
7910,0.22727272727272727
7911,0.9605799728137744
7912,0.9605799728137744
7913,0.9605799728137744
7914,0.9605799728137744
7915,0.015257469802924348
7916,0.9605799728137744
7917,0.9605799728137744
7918,0.43859649122807015
7919,0.7080645161290322
7920,0.9605799728137744
7921,0.015257469802924348
7922,0.9605799728137744
7923,0.9605799728137744
7924,0.9605799728137744
7925,0.015257469802924348
7926,0.015257469802924348
7927,0.9605799728137744
7928,0.7080645161290322
7929,0.9605799728137744
7930,0.7080645161290322
7931,0.9605799728137744
7932,0.9605799728137744
7933,0.9605799728137744
7934,0.9605799728137744
7935,0.015257469802924348
7936,0.015257469802924348
7937,0.7080645161290322
7938,0.015257469802924348
7939,0.7080645161290322
7940,0.015257469802924348
7941,0.9605799728137744
7942,0.1885245901639344
7943,0.1885245901639344
7944,0.015257469802924348
7945,0.9605799728137744
7946,0.9605799728137744
7947,0.015257469802924348
7948,0.7080645161290322
7949,0.9605799728137744
7950,0.9605799728137744
7951,0.9605799728137744
7952,0.7080645161290322
7953,0.22727272727272727
7954,0.9605799728137744
7955,0.015257469802924348
7956,0.9605799728137744
7957,0.9605799728137744
7958,0.015257469802924348
7959,0.015257469802924348
7960,0.9605799728137744
7961,0.1885245901639344
7962,0.015257469802924348
7963,0.9605799728137744
7964,0.015257469802924348
7965,0.9605799728137744
7966,0.015257469802924348
7967,0.9605799728137744
7968,0.015257469802924348
7969,0.015257469802924348
7970,0.015257469802924348
7971,0.015257469802924348
7972,0.9605799728137744
7973,0.9605799728137744
7974,0.9605799728137744
7975,0.9605799728137744
7976,0.015257469802924348
7977,0.1885245901639344
7978,0.9605799728137744
7979,0.43859649122807015
7980,0.9605799728137744
7981,0.7080645161290322
7982,0.9605799728137744
7983,0.7080645161290322
7984,0.9605799728137744
7985,0.015257469802924348
7986,0.015257469802924348
7987,0.9605799728137744
7988,0.7080645161290322
7989,0.9605799728137744
7990,0.9605799728137744
7991,0.9605799728137744
7992,0.9605799728137744
7993,0.015257469802924348
7994,0.015257469802924348
7995,0.015257469802924348
7996,0.9605799728137744
7997,0.9605799728137744
7998,0.7080645161290322
7999,0.9605799728137744
8000,0.43859649122807015
8001,0.7080645161290322
8002,0.015257469802924348
8003,0.7080645161290322
8004,0.015257469802924348
8005,0.015257469802924348
8006,0.5
8007,0.015257469802924348
8008,0.7080645161290322
8009,0.9605799728137744
8010,0.9605799728137744
8011,0.015257469802924348
8012,0.9605799728137744
8013,0.015257469802924348
8014,0.7080645161290322
8015,0.7080645161290322
8016,0.43859649122807015
8017,0.9605799728137744
8018,0.9605799728137744
8019,0.015257469802924348
8020,0.9605799728137744
8021,0.015257469802924348
8022,0.9605799728137744
8023,0.1885245901639344
8024,0.1885245901639344
8025,0.1885245901639344
8026,0.9605799728137744
8027,0.9605799728137744
8028,0.015257469802924348
8029,0.9605799728137744
8030,0.7080645161290322
8031,0.1885245901639344
8032,0.9605799728137744
8033,0.015257469802924348
8034,0.7080645161290322
8035,0.7080645161290322
8036,0.015257469802924348
8037,0.015257469802924348
8038,0.9605799728137744
8039,0.9605799728137744
8040,0.015257469802924348
8041,0.9605799728137744
8042,0.9605799728137744
8043,0.9605799728137744
8044,0.9605799728137744
8045,0.015257469802924348
8046,0.015257469802924348
8047,0.2619047619047619
8048,0.9605799728137744
8049,0.1885245901639344
8050,0.7080645161290322
8051,0.43859649122807015
8052,0.9605799728137744
8053,0.015257469802924348
8054,0.7080645161290322
8055,0.9605799728137744
8056,0.9605799728137744
8057,0.1885245901639344
8058,0.015257469802924348
8059,0.9605799728137744
8060,0.9605799728137744
8061,0.9605799728137744
8062,0.015257469802924348
8063,0.015257469802924348
8064,0.9605799728137744
8065,0.015257469802924348
8066,0.7080645161290322
8067,0.015257469802924348
8068,0.9605799728137744
8069,0.015257469802924348
8070,0.015257469802924348
8071,0.9605799728137744
8072,0.9605799728137744
8073,0.43859649122807015
8074,0.7080645161290322
8075,0.015257469802924348
8076,0.9605799728137744
8077,0.015257469802924348
8078,0.1885245901639344
8079,0.015257469802924348
8080,0.7080645161290322
8081,0.9605799728137744
8082,0.9605799728137744
8083,0.015257469802924348
8084,0.9605799728137744
8085,0.015257469802924348
8086,0.9605799728137744
8087,0.015257469802924348
8088,0.9605799728137744
8089,0.43859649122807015
8090,0.7080645161290322
8091,0.9605799728137744
8092,0.015257469802924348
8093,0.9605799728137744
8094,0.9605799728137744
8095,0.7080645161290322
8096,0.22727272727272727
8097,0.9605799728137744
8098,0.015257469802924348
8099,0.9605799728137744
8100,0.015257469802924348
8101,0.015257469802924348
8102,0.015257469802924348
8103,0.015257469802924348
8104,0.9605799728137744
8105,0.015257469802924348
8106,0.9605799728137744
8107,0.2619047619047619
8108,0.015257469802924348
8109,0.015257469802924348
8110,0.1885245901639344
8111,0.7080645161290322
8112,0.015257469802924348
8113,0.9605799728137744
8114,0.43859649122807015
8115,0.9605799728137744
8116,0.015257469802924348
8117,0.015257469802924348
8118,0.9605799728137744
8119,0.015257469802924348
8120,0.9605799728137744
8121,0.9605799728137744
8122,0.015257469802924348
8123,0.015257469802924348
8124,0.7080645161290322
8125,0.015257469802924348
8126,0.1885245901639344
8127,0.2619047619047619
8128,0.015257469802924348
8129,0.015257469802924348
8130,0.015257469802924348
8131,0.2619047619047619
8132,0.015257469802924348
8133,0.9605799728137744
8134,0.9605799728137744
8135,0.015257469802924348
8136,0.015257469802924348
8137,0.7080645161290322
8138,0.9605799728137744
8139,0.015257469802924348
8140,0.9605799728137744
8141,0.2619047619047619
8142,0.9605799728137744
8143,0.015257469802924348
8144,0.9605799728137744
8145,0.22727272727272727
8146,0.9605799728137744
8147,0.9605799728137744
8148,0.015257469802924348
8149,0.43859649122807015
8150,0.9605799728137744
8151,0.015257469802924348
8152,0.9605799728137744
8153,0.9605799728137744
8154,0.9605799728137744
8155,0.9605799728137744
8156,0.1885245901639344
8157,0.1885245901639344
8158,0.9605799728137744
8159,0.9605799728137744
8160,0.015257469802924348
8161,0.9605799728137744
8162,0.015257469802924348
8163,0.015257469802924348
8164,0.015257469802924348
8165,0.015257469802924348
8166,0.9605799728137744
8167,0.015257469802924348
8168,0.015257469802924348
8169,0.7080645161290322
8170,0.9605799728137744
8171,0.015257469802924348
8172,0.1885245901639344
8173,0.9605799728137744
8174,0.1885245901639344
8175,0.9605799728137744
8176,0.43859649122807015
8177,0.015257469802924348
8178,0.015257469802924348
8179,0.2619047619047619
8180,0.9605799728137744
8181,0.015257469802924348
8182,0.015257469802924348
8183,0.9605799728137744
8184,0.015257469802924348
8185,0.015257469802924348
8186,0.43859649122807015
8187,0.9605799728137744
8188,0.9605799728137744
8189,0.43859649122807015
8190,0.015257469802924348
8191,0.9605799728137744
8192,0.9605799728137744
8193,0.7080645161290322
8194,0.015257469802924348
8195,0.9605799728137744
8196,0.9605799728137744
8197,0.9605799728137744
8198,0.9605799728137744
8199,0.9605799728137744
8200,0.015257469802924348
8201,0.9605799728137744
8202,0.9605799728137744
8203,0.9605799728137744
8204,0.9605799728137744
8205,0.9605799728137744
8206,0.015257469802924348
8207,0.015257469802924348
8208,0.9605799728137744
8209,0.9605799728137744
8210,0.7080645161290322
8211,0.43859649122807015
8212,0.015257469802924348
8213,0.9605799728137744
8214,0.015257469802924348
8215,0.015257469802924348
8216,0.7080645161290322
8217,0.9605799728137744
8218,0.43859649122807015
8219,0.015257469802924348
8220,0.5
8221,0.015257469802924348
8222,0.015257469802924348
8223,0.015257469802924348
8224,0.7080645161290322
8225,0.015257469802924348
8226,0.22727272727272727
8227,0.9605799728137744
8228,0.9605799728137744
8229,0.9605799728137744
8230,0.1885245901639344
8231,0.9605799728137744
8232,0.9605799728137744
8233,0.9605799728137744
8234,0.7080645161290322
8235,0.015257469802924348
8236,0.9605799728137744
8237,0.9605799728137744
8238,0.9605799728137744
8239,0.7080645161290322
8240,0.9605799728137744
8241,0.7080645161290322
8242,0.1885245901639344
8243,0.9605799728137744
8244,0.43859649122807015
8245,0.7080645161290322
8246,0.9605799728137744
8247,0.22727272727272727
8248,0.015257469802924348
8249,0.015257469802924348
8250,0.9605799728137744
8251,0.9605799728137744
8252,0.015257469802924348
8253,0.5
8254,0.43859649122807015
8255,0.015257469802924348
8256,0.015257469802924348
8257,0.015257469802924348
8258,0.015257469802924348
8259,0.9605799728137744
8260,0.9605799728137744
8261,0.22727272727272727
8262,0.9605799728137744
8263,0.7080645161290322
8264,0.9605799728137744
8265,0.7080645161290322
8266,0.015257469802924348
8267,0.43859649122807015
8268,0.015257469802924348
8269,0.1885245901639344
8270,0.9605799728137744
8271,0.9605799728137744
8272,0.9605799728137744
8273,0.7080645161290322
8274,0.9605799728137744
8275,0.9605799728137744
8276,0.015257469802924348
8277,0.015257469802924348
8278,0.7080645161290322
8279,0.9605799728137744
8280,0.015257469802924348
8281,0.7080645161290322
8282,0.9605799728137744
8283,0.9605799728137744
8284,0.43859649122807015
8285,0.9605799728137744
8286,0.7080645161290322
8287,0.015257469802924348
8288,0.9605799728137744
8289,0.015257469802924348
8290,0.43859649122807015
8291,0.9605799728137744
8292,0.9605799728137744
8293,0.9605799728137744
8294,0.015257469802924348
8295,0.9605799728137744
8296,0.015257469802924348
8297,0.015257469802924348
8298,0.9605799728137744
8299,0.43859649122807015
8300,0.9605799728137744
8301,0.9605799728137744
8302,0.015257469802924348
8303,0.015257469802924348
8304,0.015257469802924348
8305,0.015257469802924348
8306,0.9605799728137744
8307,0.7080645161290322
8308,0.1885245901639344
8309,0.9605799728137744
8310,0.015257469802924348
8311,0.015257469802924348
8312,0.43859649122807015
8313,0.7080645161290322
8314,0.015257469802924348
8315,0.015257469802924348
8316,0.015257469802924348
8317,0.9605799728137744
8318,0.9605799728137744
8319,0.015257469802924348
8320,0.015257469802924348
8321,0.43859649122807015
8322,0.015257469802924348
8323,0.015257469802924348
8324,0.9605799728137744
8325,0.015257469802924348
8326,0.9605799728137744
8327,0.015257469802924348
8328,0.9605799728137744
8329,0.015257469802924348
8330,0.9605799728137744
8331,0.1885245901639344
8332,0.7080645161290322
8333,0.015257469802924348
8334,0.7080645161290322
8335,0.015257469802924348
8336,0.015257469802924348
8337,0.43859649122807015
8338,0.9605799728137744
8339,0.7080645161290322
8340,0.9605799728137744
8341,0.015257469802924348
8342,0.7080645161290322
8343,0.9605799728137744
8344,0.015257469802924348
8345,0.43859649122807015
8346,0.7080645161290322
8347,0.015257469802924348
8348,0.015257469802924348
8349,0.015257469802924348
8350,0.9605799728137744
8351,0.9605799728137744
8352,0.9605799728137744
8353,0.1885245901639344
8354,0.015257469802924348
8355,0.7080645161290322
8356,0.1885245901639344
8357,0.015257469802924348
8358,0.9605799728137744
8359,0.7080645161290322
8360,0.9605799728137744
8361,0.015257469802924348
8362,0.43859649122807015
8363,0.9605799728137744
8364,0.015257469802924348
8365,0.7080645161290322
8366,0.015257469802924348
8367,0.22727272727272727
8368,0.015257469802924348
8369,0.1885245901639344
8370,0.7080645161290322
8371,0.1885245901639344
8372,0.9605799728137744
8373,0.015257469802924348
8374,0.015257469802924348
8375,0.9605799728137744
8376,0.7080645161290322
8377,0.015257469802924348
8378,0.7080645161290322
8379,0.9605799728137744
8380,0.015257469802924348
8381,0.7080645161290322
8382,0.9605799728137744
8383,0.015257469802924348
8384,0.015257469802924348
